command_ts_ms,sequence,previous_A,command_A,allocation_W,allocation_ts_ms,fresh_budget_W,required_W,import_W,import_ts_ms,export_W,export_ts_ms,actual_W,power_ts_ms,current1_A,current1_ts_ms,response_state,response_pending,response_sent_ts_ms,response_ack_ts_ms,response_confirmed_ts_ms,response_deadline_ts_ms,response_deadline_kind,response_deadline_basis
1791552448025,21690,0,6,1380,1791552445015,0,1380,1301,1791552447116,,,0,1791552446486,0,1791552446463,idle,False,1791371038020,,,,inactive,
1791553388054,26497,6,9,2087,1791553387021,2097.8,2070,0,1791553387898,907.8000000000001,1791553387900,1290,1791553380988,5.9,1791553380947,confirmed,False,1791552450030,1791552450888,1791552482019,,inactive,
1791553394020,26539,9,7,1657,1791553393014,1661.4,1610,0,1791553393899,471.40000000000003,1791553393902,1290,1791553388401,5.8,1791553388362,vehicle_response,True,1791553388053,1791553388273,1791552482019,1791553433273,electrical-response,response_ack_ts_ms + 45000
1791553402020,26607,7,10,2418,1791553399018,2449.1,2300,0,1791553401890,799.1,1791553401892,1750,1791553396317,7.9,1791553396236,confirmed,False,1791553394019,1791553395836,1791553398016,,inactive,
1791553406019,26633,10,8,1861,1791553405014,1888.6,1840,0,1791553405899,518.6,1791553405901,1470,1791553402338,6.6,1791553402320,vehicle_response,True,1791553402020,1791553402231,1791553398016,1791553447231,electrical-response,response_ack_ts_ms + 45000
1791553414021,26707,8,9,2092,1791553411019,2135.9,2070,0,1791553413889,485.90000000000003,1791553413891,1750,1791553411245,7.8,1791553411014,confirmed,False,1791553406019,1791553406217,1791553408020,,inactive,
1791553424023,26761,9,6,1380,1791553423016,735.7,1380,914.3000000000001,1791553423899,0,1791553423902,1750,1791553414308,7.8,1791553414283,confirmed,False,1791553414021,1791553414179,1791553416025,,inactive,
1791553550026,27434,6,7,1661,1791553549015,1642,1610,0,1791553549868,442,1791553549870,1300,1791553545959,5.9,1791553545920,confirmed,False,1791553424022,1791553425789,1791553426026,,inactive,
1791553556020,27470,7,6,1547,1791553555014,1546.3,1380,0,1791553555878,346.3,1791553555880,1300,1791553550643,5.9,1791553550617,confirmed,False,1791553550025,1791553550418,1791553552020,,inactive,
1791553564020,27544,6,7,1749,1791553561018,1808.8,1610,0,1791553563868,608.8000000000001,1791553563871,1300,1791553560957,5.9,1791553560910,confirmed,False,1791553556019,1791553556207,1791553558023,,inactive,
1791553580029,27639,7,8,1958,1791553579014,1922.9,1840,0,1791553579869,552.9,1791553579872,1470,1791553575972,6.6,1791553575949,confirmed,False,1791553564020,1791553564205,1791553566024,,inactive,
1791553586022,27675,8,7,1747,1791553585014,1733.7,1610,0,1791553585868,363.70000000000005,1791553585870,1470,1791553580759,6.6,1791553580688,confirmed,False,1791553580028,1791553580442,1791553582021,,inactive,
1791553594017,27749,7,9,2294,1791553591015,2036.1,2070,0,1791553593869,666.1,1791553593871,1470,1791553591246,6.6,1791553591188,confirmed,False,1791553586022,1791553586171,1791553588026,,inactive,
1791553598018,27777,9,7,1768,1791553597013,1756.1,1610,0,1791553597868,386.1,1791553597870,1470,1791553594325,6.6,1791553594302,confirmed,False,1791553594017,1791553594192,1791553596020,,inactive,
1791553606022,27856,7,10,2346,1791553603017,2065.3,2300,0,1791553605876,695.3000000000001,1791553605883,1470,1791553605945,6.6,1791553605907,confirmed,False,1791553598018,1791553598205,1791553600025,,inactive,
1791553610024,27877,10,7,1726,1791553609015,1726.6,1610,0,1791553609868,356.6,1791553609870,1470,1791553606452,6.6,1791553606421,vehicle_response,True,1791553606021,1791553606214,1791553600025,1791553651214,electrical-response,response_ack_ts_ms + 45000
1791553618017,27916,7,10,2402,1791553615015,2399.9,2300,0,1791553617868,749.9000000000001,1791553617870,1750,1791553610535,7.8,1791553610504,confirmed,False,1791553610024,1791553610341,1791553612018,,inactive,
1791553622025,27986,10,9,2138,1791553621015,2106.4,2070,0,1791553621869,446.40000000000003,1791553621871,1760,1791553620940,7.9,1791553620880,confirmed,False,1791553618017,1791553618159,1791553622019,,inactive,
1791553640019,28083,9,8,2054,1791553639016,2024.5,1840,0,1791553639870,374.5,1791553639873,1750,1791553636237,7.9,1791553636027,confirmed,False,1791553622024,1791553622208,1791553624020,,inactive,
1791553648017,28122,8,9,2134,1791553645018,2135.4,2070,0,1791553647868,485.40000000000003,1791553647870,1750,1791553640411,7.9,1791553640383,confirmed,False,1791553640019,1791553640305,1791553642020,,inactive,
1791553742020,28652,9,8,2026,1791553741010,2075,1840,0,1791553741815,425,1791553741818,1750,1791553741274,7.9,1791553741243,confirmed,False,1791553648017,1791553648173,1791553650035,,inactive,
1791553754021,28708,8,9,2070,1791553753015,2075.5,2070,0,1791553753822,425.5,1791553753830,1750,1791553742284,7.9,1791553742268,confirmed,False,1791553742019,1791553742184,1791553744023,,inactive,
1791553760023,28766,9,8,2006,1791553759016,2057.6,1840,0,1791553759808,407.6,1791553759810,1750,1791553755968,7.8,1791553755927,confirmed,False,1791553754021,1791553755799,1791553756018,,inactive,
1791553814023,29050,8,7,1750,1791553813022,1848.9,1610,0,1791553813811,198.9,1791553813818,1750,1791553801198,7.9,1791553801163,confirmed,False,1791553760022,1791553760328,1791553762022,,inactive,
1791553822022,29118,7,8,1995,1791553819016,1985.7,1840,0,1791553821793,435.70000000000005,1791553821795,1650,1791553816003,7.4,1791553815970,confirmed,False,1791553814022,1791553815819,1791553818017,,inactive,
1791553826022,29145,8,6,1460,1791553825011,1514.9,1380,0,1791553825793,154.9,1791553825795,1460,1791553822310,6.6,1791553822280,confirmed,False,1791553822022,1791553822183,1791553824024,,inactive,
1791553834017,29220,6,9,2205,1791553831016,1780.6,2070,0,1791553833790,590.6,1791553833792,1290,1791553831031,5.8,1791553831010,confirmed,False,1791553826021,1791553826199,1791553832017,,inactive,
1791553838021,29247,9,6,1380,1791553837015,1203.3,1380,0,1791553837791,3.3000000000000003,1791553837793,1300,1791553834301,5.9,1791553834284,vehicle_response,True,1791553834017,1791553834189,1791553832017,1791553879189,electrical-response,response_ack_ts_ms + 45000
1791553848022,29330,6,9,2242,1791553843014,1777.5,2070,0,1791553847788,587.5,1791553847790,1290,1791553846219,5.9,1791553846187,confirmed,False,1791553838021,1791553838214,1791553848017,,inactive,
1791553850034,29348,9,7,1758,1791553849015,1409.6,1610,0,1791553849787,209.60000000000002,1791553849790,1300,1791553848359,5.9,1791553848335,vehicle_response,True,1791553848022,1791553848201,1791553848017,1791553893201,electrical-response,response_ack_ts_ms + 45000
1791553904019,29631,7,6,1470,1791553903013,1514.5,1380,0,1791553903791,144.5,1791553903797,1470,1791553891015,6.6,1791553890989,confirmed,False,1791553850034,1791553850374,1791553852022,,inactive,
1791553912019,29698,6,7,1717,1791553909015,1657.8,1610,0,1791553911772,357.8,1791553911774,1400,1791553905945,6.3,1791553905922,confirmed,False,1791553904018,1791553905800,1791553906027,,inactive,
1791553916023,29725,7,6,1380,1791553915015,1289.8,1380,0,1791553915771,99.80000000000001,1791553915773,1290,1791553912398,5.9,1791553912368,confirmed,False,1791553912018,1791553912215,1791553914020,,inactive,
1791553924019,29799,6,7,1623,1791553921011,1453.4,1610,0,1791553923772,263.40000000000003,1791553923774,1290,1791553921255,5.9,1791553921223,confirmed,False,1791553916022,1791553916173,1791553918021,,inactive,
1791553928019,29827,7,6,1380,1791553927016,1247.2,1380,0,1791553927769,57.2,1791553927771,1290,1791553924284,5.8,1791553924262,confirmed,False,1791553924019,1791553924188,1791553926027,,inactive,
1791554072018,30599,6,9,2551,1791554071013,2547.9,2530,0,1791554071769,1357.9,1791554071771,1290,1791554070976,5.9,1791554070957,confirmed,False,1791553928019,1791553928181,1791553930025,,inactive,
1791554084025,30654,9,8,2062,1791554083016,2082.6,1840,0,1791554083774,892.6,1791554083780,1290,1791554072320,5.8,1791554072294,vehicle_response,True,1791554072018,1791554072176,1791553930025,1791554117176,electrical-response,response_ack_ts_ms + 45000
1791554092031,30721,8,10,2482,1791554089013,2523.6,2300,0,1791554091730,873.6,1791554091732,1750,1791554085997,7.8,1791554085979,confirmed,False,1791554084025,1791554085830,1791554086025,,inactive,
1791554108020,30815,10,7,1631,1791554107019,1624.9,1610,25.1,1791554107726,0,1791554107728,1750,1791554101536,7.9,1791554101519,confirmed,False,1791554092030,1791554092192,1791554094023,,inactive,
1791554116018,30894,7,8,1897,1791554113013,1633.2,1840,0,1791554115724,273.2,1791554115727,1460,1791554115968,6.6,1791554115952,confirmed,False,1791554108020,1791554108183,1791554110023,,inactive,
1791554120028,30916,8,6,1460,1791554119016,1365,1380,0,1791554119740,5,1791554119742,1460,1791554116624,6.6,1791554116543,confirmed,False,1791554116017,1791554116210,1791554118021,,inactive,
1791554132024,31007,6,7,1644,1791554131016,1605.8,1610,0,1791554131721,415.8,1791554131723,1290,1791554130968,5.8,1791554130950,confirmed,False,1791554120028,1791554120468,1791554132019,,inactive,
1791554138022,31037,7,6,1423,1791554137013,1451.4,1380,0,1791554137721,261.40000000000003,1791554137723,1290,1791554132339,5.8,1791554132315,confirmed,False,1791554132024,1791554132182,1791554134022,,inactive,
1791554146019,31116,6,7,1702,1791554143015,1534.3,1610,0,1791554145725,344.3,1791554145728,1290,1791554145982,5.9,1791554145964,confirmed,False,1791554138022,1791554138242,1791554140023,,inactive,
1791554150020,31138,7,6,1380,1791554149014,1384.8,1380,0,1791554149727,194.8,1791554149730,1290,1791554146549,5.8,1791554146506,confirmed,False,1791554146019,1791554146257,1791554148019,,inactive,
1791554158019,31177,6,7,1723,1791554155016,1695.7,1610,0,1791554157715,325.70000000000005,1791554157717,1470,1791554150432,6.6,1791554150380,confirmed,False,1791554150020,1791554150216,1791554152020,,inactive,
1791554162021,31245,7,6,1380,1791554161015,1558,1380,0,1791554161715,188,1791554161717,1470,1791554161182,6.6,1791554161034,confirmed,False,1791554158019,1791554158194,1791554160039,,inactive,
1791554170021,31277,6,7,1745,1791554167017,1745.9,1610,0,1791554169712,375.90000000000003,1791554169714,1470,1791554162269,6.6,1791554162246,confirmed,False,1791554162021,1791554162168,1791554164021,,inactive,
1791554174022,31318,7,6,1380,1791554173018,1397.6,1380,0,1791554173714,207.60000000000002,1791554173724,1290,1791554170539,5.8,1791554170516,confirmed,False,1791554170021,1791554170359,1791554172026,,inactive,
1791554182018,31385,6,7,1611,1791554179014,1669,1610,0,1791554181717,359,1791554181719,1410,1791554175989,6.4,1791554175971,confirmed,False,1791554174021,1791554175814,1791554176023,,inactive,
1791554186015,31412,7,6,1380,1791554185013,1321.4,1380,0,1791554185710,131.4,1791554185712,1290,1791554182298,5.8,1791554182276,confirmed,False,1791554182018,1791554182180,1791554184019,,inactive,
1791554194018,31485,6,7,1670,1791554191013,1507.7,1610,0,1791554193706,307.70000000000005,1791554193709,1300,1791554191040,5.8,1791554191015,confirmed,False,1791554186015,1791554186172,1791554188020,,inactive,
1791554198022,31513,7,6,1380,1791554197016,1290.6,1380,0,1791554197705,100.60000000000001,1791554197707,1290,1791554194286,5.9,1791554194260,confirmed,False,1791554194018,1791554194162,1791554196022,,inactive,
1791554206018,31592,6,7,1664,1791554203014,1500.2,1610,0,1791554205704,300.2,1791554205706,1300,1791554205960,5.9,1791554205940,confirmed,False,1791554198022,1791554198182,1791554200021,,inactive,
1791554210022,31614,7,6,1380,1791554209018,1218.5,1380,0,1791554209712,28.5,1791554209729,1290,1791554206537,5.8,1791554206466,confirmed,False,1791554206017,1791554206228,1791554208020,,inactive,
1791554218017,31653,6,7,1641,1791554215021,1640.3,1610,0,1791554217702,270.3,1791554217705,1470,1791554210469,6.6,1791554210448,confirmed,False,1791554210022,1791554210319,1791554212021,,inactive,
1791554222017,31721,7,6,1380,1791554221011,1310.1,1380,0,1791554221717,40.1,1791554221721,1370,1791554220992,6.2,1791554220976,confirmed,False,1791554218017,1791554218170,1791554220035,,inactive,
1791554230019,31753,6,7,1611,1791554227014,1581.8,1610,0,1791554229701,211.8,1791554229704,1470,1791554222264,6.6,1791554222240,confirmed,False,1791554222017,1791554222172,1791554224022,,inactive,
1791554234025,31794,7,6,1380,1791554233014,1231.4,1380,0,1791554233708,41.400000000000006,1791554233712,1290,1791554230421,5.8,1791554230403,confirmed,False,1791554230018,1791554230306,1791554232024,,inactive,
1791554300020,32160,6,8,1937,1791554299016,1918.4,1840,0,1791554299683,728.4000000000001,1791554299688,1290,1791554295963,5.8,1791554295941,confirmed,False,1791554234024,1791554235887,1791554238020,,inactive,
1791554306020,32196,8,6,1489,1791554305017,1493.4,1380,0,1791554305682,303.40000000000003,1791554305684,1290,1791554300446,5.9,1791554300411,confirmed,False,1791554300020,1791554300302,1791554302019,,inactive,
1791554314016,32270,6,8,1906,1791554311011,1926.8,1840,0,1791554313679,736.8000000000001,1791554313681,1290,1791554310977,5.9,1791554310956,confirmed,False,1791554306020,1791554306252,1791554312022,,inactive,
1791554318017,32298,8,6,1435,1791554317016,1414.4,1380,0,1791554317677,224.4,1791554317679,1290,1791554314320,5.8,1791554314264,confirmed,False,1791554314016,1791554314192,1791554316023,,inactive,
1791554326048,32378,6,9,2217,1791554323015,1869,2070,0,1791554325676,679,1791554325678,1290,1791554325979,5.9,1791554325962,confirmed,False,1791554318017,1791554318197,1791554326040,,inactive,
1791554330021,32399,9,6,1380,1791554329014,1365,1380,0,1791554329675,175,1791554329678,1290,1791554326508,5.9,1791554326453,vehicle_response,True,1791554326048,1791554326253,1791554326040,1791554371253,electrical-response,response_ack_ts_ms + 45000
1791554342025,32489,6,7,1760,1791554341011,1743.7,1610,0,1791554341772,553.7,1791554341774,1290,1791554340956,5.9,1791554340932,confirmed,False,1791554330021,1791554330332,1791554342019,,inactive,
1791554348019,32519,7,6,1553,1791554347018,1575.4,1380,0,1791554347670,375.40000000000003,1791554347672,1300,1791554342295,5.9,1791554342277,confirmed,False,1791554342025,1791554342184,1791554344023,,inactive,
1791554356026,32598,6,8,1907,1791554353016,1743.1,1840,0,1791554355669,553.1,1791554355671,1290,1791554355941,5.8,1791554355916,confirmed,False,1791554348019,1791554348187,1791554350026,,inactive,
1791554360023,32620,8,6,1380,1791554359014,1275.4,1380,0,1791554359669,85.4,1791554359672,1290,1791554356508,5.8,1791554356438,confirmed,False,1791554356026,1791554356221,1791554358022,,inactive,
1791554372026,32710,6,9,2156,1791554371018,1690.6,2070,0,1791554371669,500.6,1791554371672,1290,1791554371016,5.9,1791554370975,confirmed,False,1791554360022,1791554360333,1791554372020,,inactive,
1791554378018,32739,9,6,1380,1791554377015,1181,1380,9,1791554377673,0,1791554377676,1290,1791554372330,5.9,1791554372303,vehicle_response,True,1791554372026,1791554372205,1791554372020,1791554417205,electrical-response,response_ack_ts_ms + 45000
1791554386028,32819,6,9,2202,1791554383017,1684,2070,0,1791554385670,494,1791554385672,1290,1791554385948,5.8,1791554385931,confirmed,False,1791554378017,1791554378192,1791554386021,,inactive,
1791554390032,32840,9,6,1380,1791554389022,1216.3,1380,0,1791554389670,26.3,1791554389673,1290,1791554386554,5.8,1791554386468,vehicle_response,True,1791554386028,1791554386250,1791554386021,1791554431250,electrical-response,response_ack_ts_ms + 45000
1791554402017,32930,6,9,2139,1791554401021,1675.4,2070,0,1791554401821,475.40000000000003,1791554401828,1300,1791554401414,5.9,1791554401384,confirmed,False,1791554390032,1791554390356,1791554402011,,inactive,
1791554408026,32959,9,6,1380,1791554407028,1183.6,1380,6.4,1791554407685,0,1791554407693,1290,1791554402634,5.8,1791554402605,vehicle_response,True,1791554402017,1791554402385,1791554402011,1791554447385,electrical-response,response_ack_ts_ms + 45000
1791554418029,33042,6,8,2036,1791554413047,1632.6,1840,0,1791554417671,442.6,1791554417673,1290,1791554416900,5.8,1791554416792,confirmed,False,1791554408025,1791554408292,1791554418021,,inactive,
1791554420030,33061,8,7,1616,1791554419016,1307.7,1610,0,1791554419669,117.7,1791554419672,1290,1791554418350,5.8,1791554418314,confirmed,False,1791554418029,1791554418205,1791554420025,,inactive,
1791554432021,33150,7,6,1582,1791554431014,1581.5,1380,0,1791554431669,221.5,1791554431672,1460,1791554430976,6.6,1791554430960,confirmed,False,1791554420030,1791554420471,1791554422027,,inactive,
1791554440022,33182,6,7,1759,1791554437014,1755.4,1610,0,1791554439670,385.40000000000003,1791554439672,1470,1791554432290,6.6,1791554432268,confirmed,False,1791554432021,1791554432188,1791554434022,,inactive,
1791554444021,33223,7,6,1380,1791554443015,1341.1,1380,0,1791554443712,151.1,1791554443740,1290,1791554440599,5.8,1791554440570,confirmed,False,1791554440022,1791554440370,1791554442022,,inactive,
1791554452019,33290,6,7,1738,1791554449016,1760.5,1610,0,1791554451670,390.5,1791554451672,1470,1791554445977,6.6,1791554445960,confirmed,False,1791554444020,1791554445837,1791554446022,,inactive,
1791554456020,33317,7,6,1399,1791554455019,1390.1,1380,0,1791554455669,200.10000000000002,1791554455671,1290,1791554452342,5.8,1791554452301,confirmed,False,1791554452018,1791554452174,1791554454020,,inactive,
1791554464021,33389,6,7,1700,1791554461020,1553.5,1610,0,1791554463673,363.5,1791554463676,1290,1791554461285,5.8,1791554461264,confirmed,False,1791554456020,1791554456188,1791554458017,,inactive,
1791554468019,33417,7,6,1380,1791554467018,1341.7,1380,0,1791554467678,151.70000000000002,1791554467680,1290,1791554464430,5.8,1791554464392,confirmed,False,1791554464020,1791554464239,1791554466033,,inactive,
1791554476016,33495,6,7,1694,1791554473016,1665.6,1610,0,1791554475669,305.6,1791554475673,1460,1791554468404,5.9,1791554475983,confirmed,False,1791554468018,1791554468222,1791554470069,,inactive,
1791554480031,33518,7,6,1380,1791554479015,1253.1,1380,0,1791554479669,63.1,1791554479672,1290,1791554476529,5.8,1791554476489,confirmed,False,1791554476016,1791554476258,1791554478021,,inactive,
1791554488020,33557,6,7,1653,1791554485018,1624.5,1610,0,1791554487674,264.5,1791554487676,1460,1791554480463,6.6,1791554480437,confirmed,False,1791554480031,1791554480319,1791554482027,,inactive,
1791554492019,33624,7,6,1380,1791554491011,1432.4,1380,0,1791554491669,62.400000000000006,1791554491672,1470,1791554490991,6.6,1791554490960,confirmed,False,1791554488019,1791554488189,1791554490030,,inactive,
1791554500025,33656,6,7,1635,1791554497015,1620.4,1610,0,1791554499676,250.4,1791554499680,1470,1791554492304,6.6,1791554492285,confirmed,False,1791554492019,1791554492175,1791554494019,,inactive,
1791554504020,33697,7,6,1380,1791554503016,1233.4,1380,0,1791554503671,43.400000000000006,1791554503674,1290,1791554500656,5.9,1791554500632,confirmed,False,1791554500025,1791554500482,1791554502023,,inactive,
1791554828020,35356,6,7,1623,1791554827008,1635.6,1610,0,1791554827571,445.6,1791554827573,1290,1791554821275,5.8,1791554821233,confirmed,False,1791554504020,1791554505874,1791554506027,,inactive,
1791554834020,35399,7,6,1463,1791554833018,75.6,1380,1114.4,1791554833572,0,1791554833575,1290,1791554828349,5.8,1791554828319,confirmed,False,1791554828020,1791554828230,1791554830033,,inactive,
1791554842019,35466,6,7,1727,1791554839015,1660.1,1610,0,1791554841571,390.1,1791554841573,1370,1791554835942,6.2,1791554835916,confirmed,False,1791554834020,1791554835823,1791554836024,,inactive,
1791554846025,35493,7,6,1427,1791554845017,1417.4,1380,0,1791554845572,227.4,1791554845573,1290,1791554842346,5.8,1791554842306,confirmed,False,1791554842019,1791554842189,1791554844020,,inactive,
1791554854019,35564,6,8,1859,1791554851021,1689.8,1840,0,1791554853573,499.8,1791554853578,1290,1791554851009,5.9,1791554850981,confirmed,False,1791554846024,1791554846179,1791554848021,,inactive,
1791554858019,35591,8,6,1380,1791554857012,1206.4,1380,0,1791554857572,26.400000000000002,1791554857573,1280,1791554854322,5.8,1791554854293,confirmed,False,1791554854019,1791554854177,1791554856023,,inactive,
1791554868025,35674,6,9,2126,1791554863013,1655.5,2070,0,1791554867571,465.5,1791554867573,1290,1791554866230,5.8,1791554866023,confirmed,False,1791554858018,1791554858176,1791554868019,,inactive,
1791554870023,35692,9,7,1652,1791554869019,1517.9,1610,0,1791554869571,327.90000000000003,1791554869574,1290,1791554868360,5.8,1791554868327,vehicle_response,True,1791554868025,1791554868220,1791554868019,1791554913220,electrical-response,response_ack_ts_ms + 45000
1791554882019,35780,7,6,1460,1791554881012,1567.1,1380,0,1791554881575,207.10000000000002,1791554881593,1460,1791554880994,6.6,1791554880974,confirmed,False,1791554870023,1791554870267,1791554872021,,inactive,
1791554890021,35812,6,7,1739,1791554887014,1801.7,1610,0,1791554889574,441.70000000000005,1791554889578,1460,1791554882292,6.6,1791554882273,confirmed,False,1791554882018,1791554882167,1791554884021,,inactive,
1791554894019,35853,7,6,1447,1791554893012,1462,1380,0,1791554893575,272,1791554893578,1290,1791554890548,5.8,1791554890526,confirmed,False,1791554890021,1791554890419,1791554892019,,inactive,
1791554902017,35920,6,7,1694,1791554899015,1646.6,1610,0,1791554901572,396.6,1791554901575,1350,1791554896031,6.1,1791554896011,confirmed,False,1791554894018,1791554895916,1791554898018,,inactive,
1791554906028,35947,7,6,1420,1791554905015,1421.1,1380,0,1791554905572,231.10000000000002,1791554905574,1290,1791554902343,5.8,1791554902302,confirmed,False,1791554902017,1791554902184,1791554904023,,inactive,
1791554918026,36029,6,7,1615,1791554917013,1641.7,1610,0,1791554917576,461.70000000000005,1791554917581,1280,1791554910987,5.8,1791554910966,confirmed,False,1791554906028,1791554906204,1791554908020,,inactive,
1791554924023,36072,7,6,1485,1791554923016,1487,1380,0,1791554923572,297,1791554923574,1290,1791554918367,5.8,1791554918311,confirmed,False,1791554918025,1791554918229,1791554920027,,inactive,
1791554932021,36139,6,7,1741,1791554929016,1761,1610,0,1791554931572,531,1791554931574,1330,1791554925975,6.1,1791554925960,confirmed,False,1791554924023,1791554925866,1791554926025,,inactive,
1791554936026,36166,7,6,1506,1791554935016,1538.1,1380,0,1791554935572,358.1,1791554935574,1280,1791554932373,5.8,1791554932352,confirmed,False,1791554932020,1791554932204,1791554934019,,inactive,
1791554944020,36240,6,7,1824,1791554941015,1650.7,1610,0,1791554943536,460.70000000000005,1791554943538,1290,1791554941215,5.9,1791554941188,confirmed,False,1791554936026,1791554936212,1791554938019,,inactive,
1791554948021,36267,7,6,1422,1791554947010,1461.8,1380,0,1791554947533,281.8,1791554947535,1280,1791554944356,5.8,1791554944330,confirmed,False,1791554944020,1791554944211,1791554946023,,inactive,
1791554956018,36343,6,8,1847,1791554953013,1836,1840,0,1791554955531,466,1791554955533,1470,1791554948320,5.9,1791554955991,confirmed,False,1791554948020,1791554948225,1791554950025,,inactive,
1791554960024,36368,8,6,1380,1791554959015,1169.3,1380,10.700000000000001,1791554959550,0,1791554959552,1280,1791554956513,5.8,1791554956462,confirmed,False,1791554956018,1791554956244,1791554958025,,inactive,
1791554972025,36457,6,9,2117,1791554971015,1661.4,2070,0,1791554971527,471.40000000000003,1791554971529,1290,1791554971008,5.9,1791554970984,confirmed,False,1791554960024,1791554960379,1791554972020,,inactive,
1791554978019,36486,9,6,1380,1791554977017,1210.6,1380,0,1791554977528,20.6,1791554977531,1290,1791554972305,5.8,1791554972282,vehicle_response,True,1791554972025,1791554972188,1791554972020,1791555017188,electrical-response,response_ack_ts_ms + 45000
1791554986035,36563,6,9,2166,1791554983017,2167.9,2070,0,1791554985525,527.9,1791554985527,1740,1791554978269,5.9,1791554985994,confirmed,False,1791554978019,1791554978168,1791554986025,,inactive,
1791554990029,36587,9,6,1380,1791554989014,1243.9,1380,0,1791554989527,53.900000000000006,1791554989531,1290,1791554986736,5.9,1791554986651,vehicle_response,True,1791554986035,1791554986290,1791554986025,1791555031290,electrical-response,response_ack_ts_ms + 45000
1791555002027,36676,6,9,2124,1791555001018,1718.8,2070,0,1791555001521,528.8000000000001,1791555001523,1290,1791555001252,5.9,1791555001235,confirmed,False,1791554990029,1791554990365,1791555002021,,inactive,
1791555008021,36704,9,6,1380,1791555007008,438.3,1380,751.7,1791555007519,0,1791555007521,1290,1791555002290,5.9,1791555002261,vehicle_response,True,1791555002026,1791555002185,1791555002021,1791555047185,electrical-response,response_ack_ts_ms + 45000
